[{"content":"Jaundice Pancreatitis- Acute and Chronic Gall bladder diseases Acidity- Dyspepsia/ Gas/ Bloating Gastroesophageal reflux disease Gastric Ulcers Hepatitis Chronic Liver Disease Fatty Liver Disease Functional GI Disease including Irritable Bowel Syndrome Inflammatory Bowel Disease-Crohn’s Disease / Ulcerative Colitis Hemorrhoids (Non-surgical) Constipation Motility disorders GI cancers Liver cancer ","permalink":"https://piko-heksagon.netlify.app/blog/jaundice/","summary":"Dr. Vikram Uttam Patil provides services in multiple disorders","title":"Jaundice"},{"content":"This article offers a sample of basic Markdown syntax that can be used in Hugo content files, also it shows whether basic HTML elements are decorated with CSS in a Hugo theme.\nHeadings The following HTML \u0026lt;h1\u0026gt;—\u0026lt;h6\u0026gt; elements represent six levels of section headings. \u0026lt;h1\u0026gt; is the highest section level while \u0026lt;h6\u0026gt; is the lowest.\nH1 H2 H3 H4 H5 H6 Paragraph Xerum, quo qui aut unt expliquam qui dolut labo. Aque venitatiusda cum, voluptionse latur sitiae dolessi aut parist aut dollo enim qui voluptate ma dolestendit peritin re plis aut quas inctum laceat est volestemque commosa as cus endigna tectur, offic to cor sequas etum rerum idem sintibus eiur? Quianimin porecus evelectur, cum que nis nust voloribus ratem aut omnimi, sitatur? Quiatem. Nam, omnis sum am facea corem alique molestrunt et eos evelece arcillit ut aut eos eos nus, sin conecerem erum fuga. Ri oditatquam, ad quibus unda veliamenimin cusam et facea ipsamus es exerum sitate dolores editium rerore eost, temped molorro ratiae volorro te reribus dolorer sperchicium faceata tiustia prat.\nItatur? Quiatae cullecum rem ent aut odis in re eossequodi nonsequ idebis ne sapicia is sinveli squiatum, core et que aut hariosam ex eat.\nBlockquotes The blockquote element represents content that is quoted from another source, optionally with a citation which must be within a footer or cite element, and optionally with in-line changes such as annotations and abbreviations.\nBlockquote without attribution Tiam, ad mint andaepu dandae nostion secatur sequo quae. Note that you can use Markdown syntax within a blockquote.\nBlockquote with attribution Don\u0026rsquo;t communicate by sharing memory, share memory by communicating.\n— Rob Pike1\nTables Tables aren\u0026rsquo;t part of the core Markdown spec, but Hugo supports supports them out-of-the-box.\nName Age Bob 27 Alice 23 Inline Markdown within tables Italics Bold Code italics bold code Code Blocks Code block with backticks \u0026lt;!DOCTYPE html\u0026gt; \u0026lt;html lang=\u0026#34;en\u0026#34;\u0026gt; \u0026lt;head\u0026gt; \u0026lt;meta charset=\u0026#34;utf-8\u0026#34; /\u0026gt; \u0026lt;title\u0026gt;Example HTML5 Document\u0026lt;/title\u0026gt; \u0026lt;/head\u0026gt; \u0026lt;body\u0026gt; \u0026lt;p\u0026gt;Test\u0026lt;/p\u0026gt; \u0026lt;/body\u0026gt; \u0026lt;/html\u0026gt; Code block indented with four spaces \u0026lt;!doctype html\u0026gt; \u0026lt;html lang=\u0026quot;en\u0026quot;\u0026gt; \u0026lt;head\u0026gt; \u0026lt;meta charset=\u0026quot;utf-8\u0026quot;\u0026gt; \u0026lt;title\u0026gt;Example HTML5 Document\u0026lt;/title\u0026gt; \u0026lt;/head\u0026gt; \u0026lt;body\u0026gt; \u0026lt;p\u0026gt;Test\u0026lt;/p\u0026gt; \u0026lt;/body\u0026gt; \u0026lt;/html\u0026gt; Code block with Hugo\u0026rsquo;s internal highlight shortcode \u0026lt;!doctype html\u0026gt; \u0026lt;html lang=\u0026#34;en\u0026#34;\u0026gt; \u0026lt;head\u0026gt; \u0026lt;meta charset=\u0026#34;utf-8\u0026#34;\u0026gt; \u0026lt;title\u0026gt;Example HTML5 Document\u0026lt;/title\u0026gt; \u0026lt;/head\u0026gt; \u0026lt;body\u0026gt; \u0026lt;p\u0026gt;Test\u0026lt;/p\u0026gt; \u0026lt;/body\u0026gt; \u0026lt;/html\u0026gt; Gist List Types Ordered List First item Second item Third item Unordered List List item Another item And another item Nested list Fruit Apple Orange Banana Dairy Milk Cheese Other Elements — abbr, sub, sup, kbd, mark GIF is a bitmap image format. H2O Xn + Yn = Zn Press CTRL+ALT+Delete to end the session. Most salamanders are nocturnal, and hunt for insects, worms, and other small creatures. The above quote is excerpted from Rob Pike\u0026rsquo;s talk during Gopherfest, November 18, 2015.\u0026#160;\u0026#x21a9;\u0026#xfe0e;\n","permalink":"https://piko-heksagon.netlify.app/blog/markdown-syntax/","summary":"Sample article showcasing basic Markdown syntax and formatting for HTML elements.","title":"Markdown Syntax Guide"},{"content":"Gastrointestinal bleed ","permalink":"https://piko-heksagon.netlify.app/blog/gastrointestinal-bleed/","summary":"A brief description of Hugo Shortcodes","title":"Gastrointestinal Bleed"},{"content":"Mathematical notation in a Hugo project can be enabled by using third party JavaScript libraries.\nIn this example we will be using KaTeX\nTo enable KaTex globally set the parameter math: true in a project\u0026rsquo;s configuration (config.yml) To enable KaTex on a per page basis include the parameter math: true in content files Note: Use the online reference of Supported TeX Functions\nExamples Inline math: \\(\\varphi = \\dfrac{1+\\sqrt5}{2}= 1.6180339887…\\) Block math:\n$$ \\varphi = 1+\\frac{1} {1+\\frac{1} {1+\\frac{1} {1+\\cdots} } } $$\n","permalink":"https://piko-heksagon.netlify.app/blog/math-typesetting/","summary":"A brief guide to setup KaTeX","title":"Math Typesetting"},{"content":"Emoji can be enabled in a Hugo project in a number of ways.\nThe emojify function can be called directly in templates or Inline Shortcodes.\nTo enable emoji globally, set enableEmoji to true in your site\u0026rsquo;s configuration and then you can type emoji shorthand codes directly in content files; e.g.\n🙈 :see_no_evil: 🙉 :hear_no_evil: 🙊 :speak_no_evil:\nThe Emoji cheat sheet is a useful reference for emoji shorthand codes.\nN.B. The above steps enable Unicode Standard emoji characters and sequences in Hugo, however the rendering of these glyphs depends on the browser and the platform. To style the emoji you can either use a third party emoji font or a font stack; e.g.\n.emoji { font-family: Apple Color Emoji, Segoe UI Emoji, NotoColorEmoji, Segoe UI Symbol, Android Emoji, EmojiSymbols; } \u0026lt;style\u0026gt; .emojify { font-family: Apple Color Emoji, Segoe UI Emoji, NotoColorEmoji, Segoe UI Symbol, Android Emoji, EmojiSymbols; font-size: 2rem; vertical-align: middle; } @media screen and (max-width:650px) { .nowrap { display: block; margin: 25px 0; } } \u0026lt;/style\u0026gt; ","permalink":"https://piko-heksagon.netlify.app/blog/emoji-support/","summary":"Guide to emoji usage in Hugo","title":"Emoji Support"},{"content":"","permalink":"https://piko-heksagon.netlify.app/contact/","summary":"How can I help you?","title":"Contact Me"}]