[{"content":" ","permalink":"http://drvikramuttampatil.com/blog/acidity/","summary":"","title":"Acidity / Dyspepsia"},{"content":" ","permalink":"http://drvikramuttampatil.com/blog/chronicliverdisease/","summary":"","title":"Chronic Liver Disease"},{"content":" ","permalink":"http://drvikramuttampatil.com/blog/constipation/","summary":"","title":"Constipation"},{"content":"Contact Detials Vishwaraj Hospital Vishwaraj Hospital Near Loni Railway station Loni Kalbhor Solapur - Pune Hwy, Pune Shaavi PolyClinic Shaavi PolyClinic Shop No. C - 29, Rohan Plaza Sade Satra Nali, Hadapsar, Pune Vardhan Clinic Vardhan Clinic Above Maruti Suzuki Showroom Alephata For Appointment Contact 08446997475 ","permalink":"http://drvikramuttampatil.com/contact/","summary":"","title":"Contact"},{"content":"Connect with us Mobile Number : 08446997475 Email Address : drvikramuttampatil@gmail.com Vishwaraj Hospital Vishwaraj Hospital Near Loni Railway station Loni Kalbhor Solapur - Pune Hwy, Pune Shaavi PolyClinic Shaavi PolyClinic Shop No. C - 29, Rohan Plaza Sade Satra Nali, Hadapsar, Pune Vardhan Gastro and Liver Clinic Vardhan Gastro and Liver Clinic Above Maruti Suzuki Showroom Alephata ","permalink":"http://drvikramuttampatil.com/location/","summary":"","title":"Contact"},{"content":" ","permalink":"http://drvikramuttampatil.com/blog/fattyliverdisease/","summary":"","title":"Fatty Liver Disease"},{"content":" ","permalink":"http://drvikramuttampatil.com/blog/functionalgidisease/","summary":"","title":"Functional GI Disorders"},{"content":" ","permalink":"http://drvikramuttampatil.com/blog/gallbladder/","summary":"","title":"Gall Bladder Diseases"},{"content":" ","permalink":"http://drvikramuttampatil.com/blog/gastriculcers/","summary":"","title":"Gastric/ Duodenal Ulcers"},{"content":" ","permalink":"http://drvikramuttampatil.com/blog/gastroesophagealrefluxdisease/","summary":"","title":"Gastroesophageal Reflux Disease"},{"content":" ","permalink":"http://drvikramuttampatil.com/blog/gastrointestinalbleed/","summary":"","title":"Gastrointestinal Bleed"},{"content":" ","permalink":"http://drvikramuttampatil.com/blog/gicancers/","summary":"","title":"GI Cancers"},{"content":" ","permalink":"http://drvikramuttampatil.com/blog/hemorrhoids/","summary":"","title":"Hemorrhoids"},{"content":" ","permalink":"http://drvikramuttampatil.com/blog/hepatitis/","summary":"","title":"Hepatitis"},{"content":" ","permalink":"http://drvikramuttampatil.com/blog/inflammatoryboweldisease/","summary":"","title":"Inflammatory Bowel Disease"},{"content":" Symptoms of jaundice commonly include:\nYellow skin and the white part of the eyes (sclera) \u0026ndash; when jaundice is more severe, these areas may look brown. Yellow color inside the mouth. Dark or brown-colored urine. Pale or clay-colored stools. Itching (pruritis) usually occurs with jaundice. ","permalink":"http://drvikramuttampatil.com/blog/jaundice/","summary":"","title":"Jaundice"},{"content":" ","permalink":"http://drvikramuttampatil.com/blog/livercancer/","summary":"","title":"Liver Cancer"},{"content":" Member of National Academy of Medical Sciences -MNAMS Indian Society of Gastroenterology - ISG American Association for the Study of Liver Diseases- AASLD American College of Gastroenterology – ACG Society of Gastrointestinal Endoscopy of India- SGEI ","permalink":"http://drvikramuttampatil.com/membersof/","summary":"","title":"Members Of"},{"content":" ","permalink":"http://drvikramuttampatil.com/blog/motilitydisorders/","summary":"","title":"Motility Disorders"},{"content":" ","permalink":"http://drvikramuttampatil.com/blog/pancreatitis/","summary":"","title":"Pancreatitis"},{"content":" Gastroscopy\nColonoscopy\nEsophageal dilataions\nEsophageal Variceal Band Ligation (EVL)\nEndoscopic retrograde cholangiopancreatography (ERCP)\nEnteroscopy\nPercutaneous endoscopic gastroscopy (PEG) tube placement\nEndoscopic Foreign Body removal\nEndoscopic Ultrasound (EUS)\n","permalink":"http://drvikramuttampatil.com/procedures/","summary":"","title":"Procedures Performed"},{"content":"Please refer my research papers and publications at Research \u0026 Publications Videos What is Gastroscopy? GERD Patient Success Story ","permalink":"http://drvikramuttampatil.com/videos/","summary":"","title":"Research \u0026 Publications"}]