<?xml version="1.0" encoding="utf-8" standalone="yes"?><rss version="2.0" xmlns:atom="http://www.w3.org/2005/Atom" xmlns:content="http://purl.org/rss/1.0/modules/content/"><channel><title>Services on Dr. Vikram Uttam Patil</title><link>http://drvikramuttampatil.com/blog/</link><description>Recent content in Services on Dr. Vikram Uttam Patil</description><image><url>http://drvikramuttampatil.com/uploads/og.webp</url><link>http://drvikramuttampatil.com/uploads/og.webp</link></image><generator>Hugo -- gohugo.io</generator><language>en-us</language><atom:link href="http://drvikramuttampatil.com/blog/index.xml" rel="self" type="application/rss+xml"/><item><title>Acidity / Dyspepsia</title><link>http://drvikramuttampatil.com/blog/acidity/</link><pubDate>Mon, 01 Jan 0001 00:00:00 +0000</pubDate><guid>http://drvikramuttampatil.com/blog/acidity/</guid><description/></item><item><title>Chronic Liver Disease</title><link>http://drvikramuttampatil.com/blog/chronicliverdisease/</link><pubDate>Mon, 01 Jan 0001 00:00:00 +0000</pubDate><guid>http://drvikramuttampatil.com/blog/chronicliverdisease/</guid><description/></item><item><title>Constipation</title><link>http://drvikramuttampatil.com/blog/constipation/</link><pubDate>Mon, 01 Jan 0001 00:00:00 +0000</pubDate><guid>http://drvikramuttampatil.com/blog/constipation/</guid><description/></item><item><title>Fatty Liver Disease</title><link>http://drvikramuttampatil.com/blog/fattyliverdisease/</link><pubDate>Mon, 01 Jan 0001 00:00:00 +0000</pubDate><guid>http://drvikramuttampatil.com/blog/fattyliverdisease/</guid><description/></item><item><title>Functional GI Disorders</title><link>http://drvikramuttampatil.com/blog/functionalgidisease/</link><pubDate>Mon, 01 Jan 0001 00:00:00 +0000</pubDate><guid>http://drvikramuttampatil.com/blog/functionalgidisease/</guid><description/></item><item><title>Gall Bladder Diseases</title><link>http://drvikramuttampatil.com/blog/gallbladder/</link><pubDate>Mon, 01 Jan 0001 00:00:00 +0000</pubDate><guid>http://drvikramuttampatil.com/blog/gallbladder/</guid><description/></item><item><title>Gastric/ Duodenal Ulcers</title><link>http://drvikramuttampatil.com/blog/gastriculcers/</link><pubDate>Mon, 01 Jan 0001 00:00:00 +0000</pubDate><guid>http://drvikramuttampatil.com/blog/gastriculcers/</guid><description/></item><item><title>Gastroesophageal Reflux Disease</title><link>http://drvikramuttampatil.com/blog/gastroesophagealrefluxdisease/</link><pubDate>Mon, 01 Jan 0001 00:00:00 +0000</pubDate><guid>http://drvikramuttampatil.com/blog/gastroesophagealrefluxdisease/</guid><description/></item><item><title>Gastrointestinal Bleed</title><link>http://drvikramuttampatil.com/blog/gastrointestinalbleed/</link><pubDate>Mon, 01 Jan 0001 00:00:00 +0000</pubDate><guid>http://drvikramuttampatil.com/blog/gastrointestinalbleed/</guid><description/></item><item><title>GI Cancers</title><link>http://drvikramuttampatil.com/blog/gicancers/</link><pubDate>Mon, 01 Jan 0001 00:00:00 +0000</pubDate><guid>http://drvikramuttampatil.com/blog/gicancers/</guid><description/></item><item><title>Hemorrhoids</title><link>http://drvikramuttampatil.com/blog/hemorrhoids/</link><pubDate>Mon, 01 Jan 0001 00:00:00 +0000</pubDate><guid>http://drvikramuttampatil.com/blog/hemorrhoids/</guid><description/></item><item><title>Hepatitis</title><link>http://drvikramuttampatil.com/blog/hepatitis/</link><pubDate>Mon, 01 Jan 0001 00:00:00 +0000</pubDate><guid>http://drvikramuttampatil.com/blog/hepatitis/</guid><description/></item><item><title>Inflammatory Bowel Disease</title><link>http://drvikramuttampatil.com/blog/inflammatoryboweldisease/</link><pubDate>Mon, 01 Jan 0001 00:00:00 +0000</pubDate><guid>http://drvikramuttampatil.com/blog/inflammatoryboweldisease/</guid><description/></item><item><title>Jaundice</title><link>http://drvikramuttampatil.com/blog/jaundice/</link><pubDate>Mon, 01 Jan 0001 00:00:00 +0000</pubDate><guid>http://drvikramuttampatil.com/blog/jaundice/</guid><description> Symptoms of jaundice commonly include:
Yellow skin and the white part of the eyes (sclera) &amp;ndash; when jaundice is more severe, these areas may look brown. Yellow color inside the mouth. Dark or brown-colored urine. Pale or clay-colored stools. Itching (pruritis) usually occurs with jaundice.</description></item><item><title>Liver Cancer</title><link>http://drvikramuttampatil.com/blog/livercancer/</link><pubDate>Mon, 01 Jan 0001 00:00:00 +0000</pubDate><guid>http://drvikramuttampatil.com/blog/livercancer/</guid><description/></item><item><title>Motility Disorders</title><link>http://drvikramuttampatil.com/blog/motilitydisorders/</link><pubDate>Mon, 01 Jan 0001 00:00:00 +0000</pubDate><guid>http://drvikramuttampatil.com/blog/motilitydisorders/</guid><description/></item><item><title>Pancreatitis</title><link>http://drvikramuttampatil.com/blog/pancreatitis/</link><pubDate>Mon, 01 Jan 0001 00:00:00 +0000</pubDate><guid>http://drvikramuttampatil.com/blog/pancreatitis/</guid><description/></item></channel></rss>