<?xml version="1.0" encoding="utf-8" standalone="yes"?><rss version="2.0" xmlns:atom="http://www.w3.org/2005/Atom" xmlns:content="http://purl.org/rss/1.0/modules/content/"><channel><title>Tags on Dr. Vikram Uttam Patil</title><link>https://piko-heksagon.netlify.app/tags/</link><description>Recent content in Tags on Dr. Vikram Uttam Patil</description><image><url>https://piko-heksagon.netlify.app/uploads/og.webp</url><link>https://piko-heksagon.netlify.app/uploads/og.webp</link></image><generator>Hugo -- gohugo.io</generator><language>en-us</language><copyright>A template by [Heksagon](https://www.heksagon.net "Your most friendly developer")</copyright><lastBuildDate>Mon, 11 Mar 2019 00:00:00 +0000</lastBuildDate><atom:link href="https://piko-heksagon.netlify.app/tags/index.xml" rel="self" type="application/rss+xml"/><item><title>css</title><link>https://piko-heksagon.netlify.app/tags/css/</link><pubDate>Mon, 11 Mar 2019 00:00:00 +0000</pubDate><guid>https://piko-heksagon.netlify.app/tags/css/</guid><description/></item><item><title>html</title><link>https://piko-heksagon.netlify.app/tags/html/</link><pubDate>Mon, 11 Mar 2019 00:00:00 +0000</pubDate><guid>https://piko-heksagon.netlify.app/tags/html/</guid><description/></item><item><title>markdown</title><link>https://piko-heksagon.netlify.app/tags/markdown/</link><pubDate>Mon, 11 Mar 2019 00:00:00 +0000</pubDate><guid>https://piko-heksagon.netlify.app/tags/markdown/</guid><description/></item><item><title>themes</title><link>https://piko-heksagon.netlify.app/tags/themes/</link><pubDate>Mon, 11 Mar 2019 00:00:00 +0000</pubDate><guid>https://piko-heksagon.netlify.app/tags/themes/</guid><description/></item><item><title>text</title><link>https://piko-heksagon.netlify.app/tags/text/</link><pubDate>Sat, 09 Mar 2019 00:00:00 +0000</pubDate><guid>https://piko-heksagon.netlify.app/tags/text/</guid><description/></item><item><title>math</title><link>https://piko-heksagon.netlify.app/tags/math/</link><pubDate>Fri, 08 Mar 2019 00:00:00 +0000</pubDate><guid>https://piko-heksagon.netlify.app/tags/math/</guid><description/></item><item><title>emoji</title><link>https://piko-heksagon.netlify.app/tags/emoji/</link><pubDate>Tue, 05 Mar 2019 00:00:00 +0000</pubDate><guid>https://piko-heksagon.netlify.app/tags/emoji/</guid><description/></item></channel></rss>