<?xml version="1.0" encoding="utf-8" standalone="yes"?><rss version="2.0" xmlns:atom="http://www.w3.org/2005/Atom" xmlns:content="http://purl.org/rss/1.0/modules/content/"><channel><title>Blog on Dr. Vikram Uttam Patil</title><link>https://piko-heksagon.netlify.app/blog/</link><description>Recent content in Blog on Dr. Vikram Uttam Patil</description><image><url>https://piko-heksagon.netlify.app/uploads/og.webp</url><link>https://piko-heksagon.netlify.app/uploads/og.webp</link></image><generator>Hugo -- gohugo.io</generator><language>en-us</language><copyright>A template by [Heksagon](https://www.heksagon.net "Your most friendly developer")</copyright><lastBuildDate>Sat, 05 Mar 2022 00:00:00 +0000</lastBuildDate><atom:link href="https://piko-heksagon.netlify.app/blog/index.xml" rel="self" type="application/rss+xml"/><item><title>Jaundice</title><link>https://piko-heksagon.netlify.app/blog/jaundice/</link><pubDate>Sat, 05 Mar 2022 00:00:00 +0000</pubDate><guid>https://piko-heksagon.netlify.app/blog/jaundice/</guid><description>Dr. Vikram Uttam Patil provides services in multiple disorders</description></item><item><title>Markdown Syntax Guide</title><link>https://piko-heksagon.netlify.app/blog/markdown-syntax/</link><pubDate>Mon, 11 Mar 2019 00:00:00 +0000</pubDate><guid>https://piko-heksagon.netlify.app/blog/markdown-syntax/</guid><description>Sample article showcasing basic Markdown syntax and formatting for HTML elements.</description></item><item><title>Gastrointestinal Bleed</title><link>https://piko-heksagon.netlify.app/blog/gastrointestinal-bleed/</link><pubDate>Sun, 10 Mar 2019 00:00:00 +0000</pubDate><guid>https://piko-heksagon.netlify.app/blog/gastrointestinal-bleed/</guid><description>A brief description of Hugo Shortcodes</description></item><item><title>Placeholder Text</title><link>https://piko-heksagon.netlify.app/blog/placeholder-text/</link><pubDate>Sat, 09 Mar 2019 00:00:00 +0000</pubDate><guid>https://piko-heksagon.netlify.app/blog/placeholder-text/</guid><description>Lorem Ipsum Dolor Si Amet</description></item><item><title>Math Typesetting</title><link>https://piko-heksagon.netlify.app/blog/math-typesetting/</link><pubDate>Fri, 08 Mar 2019 00:00:00 +0000</pubDate><guid>https://piko-heksagon.netlify.app/blog/math-typesetting/</guid><description>A brief guide to setup KaTeX</description></item><item><title>Emoji Support</title><link>https://piko-heksagon.netlify.app/blog/emoji-support/</link><pubDate>Tue, 05 Mar 2019 00:00:00 +0000</pubDate><guid>https://piko-heksagon.netlify.app/blog/emoji-support/</guid><description>Guide to emoji usage in Hugo</description></item></channel></rss>