<?xml version="1.0" encoding="utf-8" standalone="yes"?><rss version="2.0" xmlns:atom="http://www.w3.org/2005/Atom" xmlns:content="http://purl.org/rss/1.0/modules/content/"><channel><title>text on Dr. Vikram Uttam Patil</title><link>https://piko-heksagon.netlify.app/tags/text/</link><description>Recent content in text on Dr. Vikram Uttam Patil</description><image><url>https://piko-heksagon.netlify.app/uploads/og.webp</url><link>https://piko-heksagon.netlify.app/uploads/og.webp</link></image><generator>Hugo -- gohugo.io</generator><language>en-us</language><copyright>A template by [Heksagon](https://www.heksagon.net "Your most friendly developer")</copyright><lastBuildDate>Sat, 09 Mar 2019 00:00:00 +0000</lastBuildDate><atom:link href="https://piko-heksagon.netlify.app/tags/text/index.xml" rel="self" type="application/rss+xml"/><item><title>Placeholder Text</title><link>https://piko-heksagon.netlify.app/blog/placeholder-text/</link><pubDate>Sat, 09 Mar 2019 00:00:00 +0000</pubDate><guid>https://piko-heksagon.netlify.app/blog/placeholder-text/</guid><description>Lorem Ipsum Dolor Si Amet</description></item></channel></rss>