<?xml version="1.0" encoding="utf-8" standalone="yes"?><rss version="2.0" xmlns:atom="http://www.w3.org/2005/Atom" xmlns:content="http://purl.org/rss/1.0/modules/content/"><channel><title>Tags on Dr. Vikram Uttam Patil</title><link>http://drvikramuttampatil.com/tags/</link><description>Recent content in Tags on Dr. Vikram Uttam Patil</description><image><url>http://drvikramuttampatil.com/uploads/og.webp</url><link>http://drvikramuttampatil.com/uploads/og.webp</link></image><generator>Hugo -- gohugo.io</generator><language>en-us</language><atom:link href="http://drvikramuttampatil.com/tags/index.xml" rel="self" type="application/rss+xml"/></channel></rss>