<?xml version="1.0" encoding="utf-8" standalone="yes"?><rss version="2.0" xmlns:atom="http://www.w3.org/2005/Atom" xmlns:content="http://purl.org/rss/1.0/modules/content/"><channel><title>Categories on Dr. Vikram Uttam Patil</title><link>http://drvikramuttampatil.com/categories/</link><description>Recent content in Categories on Dr. Vikram Uttam Patil</description><image><url>http://drvikramuttampatil.com/uploads/og.webp</url><link>http://drvikramuttampatil.com/uploads/og.webp</link></image><generator>Hugo -- gohugo.io</generator><language>en-us</language><atom:link href="http://drvikramuttampatil.com/categories/index.xml" rel="self" type="application/rss+xml"/><item><title>syntax</title><link>http://drvikramuttampatil.com/categories/syntax/</link><pubDate>Mon, 01 Jan 0001 00:00:00 +0000</pubDate><guid>http://drvikramuttampatil.com/categories/syntax/</guid><description/></item><item><title>themes</title><link>http://drvikramuttampatil.com/categories/themes/</link><pubDate>Mon, 01 Jan 0001 00:00:00 +0000</pubDate><guid>http://drvikramuttampatil.com/categories/themes/</guid><description/></item></channel></rss>