<?xml version="1.0" encoding="utf-8" standalone="yes"?><rss version="2.0" xmlns:atom="http://www.w3.org/2005/Atom" xmlns:content="http://purl.org/rss/1.0/modules/content/"><channel><title>Legals on Dr. Vikram Uttam Patil</title><link>http://drvikramuttampatil.com/legal/</link><description>Recent content in Legals on Dr. Vikram Uttam Patil</description><image><url>http://drvikramuttampatil.com/uploads/og.webp</url><link>http://drvikramuttampatil.com/uploads/og.webp</link></image><generator>Hugo -- gohugo.io</generator><language>en-us</language><lastBuildDate>Thu, 21 Jan 2021 23:22:20 +0800</lastBuildDate><atom:link href="http://drvikramuttampatil.com/legal/index.xml" rel="self" type="application/rss+xml"/><item><title>Privacy Policy</title><link>http://drvikramuttampatil.com/legal/privacy/</link><pubDate>Thu, 21 Jan 2021 23:22:20 +0800</pubDate><guid>http://drvikramuttampatil.com/legal/privacy/</guid><description>This is the privacy policy page for Website Name (Website.com)</description></item><item><title>Terms and Conditions</title><link>http://drvikramuttampatil.com/legal/terms-and-conditions/</link><pubDate>Thu, 21 Jan 2021 23:22:20 +0800</pubDate><guid>http://drvikramuttampatil.com/legal/terms-and-conditions/</guid><description>This is the terms and conditions page for Website Name (Website.com)</description></item></channel></rss>